project1_file,project2_file,birthmark,comparator,matcher,class1,class2,similarity
chatgpt-1.0.2.jar,langchain4j-0.24.0.jar,3-gram,JaccardIndex,RoundRobin,com.lilittlecat.chatgpt.offical.ChatGPT$ChatGPTBuilder,dev.langchain4j.store.embedding.EmbeddingStoreIngestor$Builder,0.5
chatgpt-1.0.2.jar,langchain4j-0.24.0.jar,3-gram,JaccardIndex,RoundRobin,com.lilittlecat.chatgpt.offical.ChatGPT$ChatGPTBuilder,dev.langchain4j.model.output.EnumOutputParser,0.25
chatgpt-1.0.2.jar,langchain4j-0.24.0.jar,3-gram,JaccardIndex,RoundRobin,com.lilittlecat.chatgpt.offical.ChatGPT$ChatGPTBuilder,dev.langchain4j.chain.ConversationalRetrievalChain$ConversationalRetrievalChainBuilder,1.0
chatgpt-1.0.2.jar,langchain4j-0.24.0.jar,3-gram,JaccardIndex,RoundRobin,com.lilittlecat.chatgpt.offical.ChatGPT$ChatGPTBuilder,dev.langchain4j.chain.ConversationalChain$ConversationalChainBuilder,0.782608695652174
chatgpt-1.0.2.jar,langchain4j-0.24.0.jar,3-gram,JaccardIndex,RoundRobin,com.lilittlecat.chatgpt.offical.exception.Error,dev.langchain4j.data.document.DocumentType,0.34328358208955223
chatgpt-1.0.2.jar,langchain4j-0.24.0.jar,3-gram,JaccardIndex,RoundRobin,com.lilittlecat.chatgpt.offical.exception.BizException,dev.langchain4j.code.Judge0JavaScriptEngine$Submission,0.25
chatgpt-1.0.2.jar,langchain4j-0.24.0.jar,3-gram,JaccardIndex,RoundRobin,com.lilittlecat.chatgpt.offical.entity.Model,dev.langchain4j.data.document.DocumentType,0.35384615384615387
chatgpt-1.0.2.jar,langchain4j-0.24.0.jar,3-gram,JaccardIndex,RoundRobin,com.lilittlecat.chatgpt.offical.entity.Message$MessageBuilder,dev.langchain4j.store.embedding.EmbeddingStoreIngestor$Builder,0.5
chatgpt-1.0.2.jar,langchain4j-0.24.0.jar,3-gram,JaccardIndex,RoundRobin,com.lilittlecat.chatgpt.offical.entity.Message$MessageBuilder,dev.langchain4j.model.output.EnumOutputParser,0.25
chatgpt-1.0.2.jar,langchain4j-0.24.0.jar,3-gram,JaccardIndex,RoundRobin,com.lilittlecat.chatgpt.offical.entity.Message$MessageBuilder,dev.langchain4j.chain.ConversationalRetrievalChain$ConversationalRetrievalChainBuilder,1.0
chatgpt-1.0.2.jar,langchain4j-0.24.0.jar,3-gram,JaccardIndex,RoundRobin,com.lilittlecat.chatgpt.offical.entity.Message$MessageBuilder,dev.langchain4j.chain.ConversationalChain$ConversationalChainBuilder,0.782608695652174
chatgpt-1.0.2.jar,langchain4j-0.24.0.jar,3-gram,JaccardIndex,RoundRobin,com.lilittlecat.chatgpt.offical.entity.Constant,dev.langchain4j.service.ModerationException,0.3333333333333333
chatgpt-1.0.2.jar,langchain4j-0.24.0.jar,3-gram,JaccardIndex,RoundRobin,com.lilittlecat.chatgpt.offical.entity.Constant,dev.langchain4j.code.Judge0JavaScriptEngine$SubmissionResult,0.5
chatgpt-1.0.2.jar,langchain4j-0.24.0.jar,3-gram,JaccardIndex,RoundRobin,com.lilittlecat.chatgpt.offical.entity.Constant,dev.langchain4j.code.Judge0JavaScriptEngine$Status,0.5
chatgpt-1.0.2.jar,langchain4j-0.24.0.jar,3-gram,JaccardIndex,RoundRobin,com.lilittlecat.chatgpt.offical.entity.ChatCompletionResponseBody$ChatCompletionResponseBodyBuilder,dev.langchain4j.store.embedding.EmbeddingStoreIngestor$Builder,0.5
chatgpt-1.0.2.jar,langchain4j-0.24.0.jar,3-gram,JaccardIndex,RoundRobin,com.lilittlecat.chatgpt.offical.entity.ChatCompletionResponseBody$ChatCompletionResponseBodyBuilder,dev.langchain4j.model.output.EnumOutputParser,0.25
chatgpt-1.0.2.jar,langchain4j-0.24.0.jar,3-gram,JaccardIndex,RoundRobin,com.lilittlecat.chatgpt.offical.entity.ChatCompletionResponseBody$ChatCompletionResponseBodyBuilder,dev.langchain4j.chain.ConversationalRetrievalChain$ConversationalRetrievalChainBuilder,1.0
chatgpt-1.0.2.jar,langchain4j-0.24.0.jar,3-gram,JaccardIndex,RoundRobin,com.lilittlecat.chatgpt.offical.entity.ChatCompletionResponseBody$ChatCompletionResponseBodyBuilder,dev.langchain4j.chain.ConversationalChain$ConversationalChainBuilder,0.782608695652174
chatgpt-1.0.2.jar,langchain4j-0.24.0.jar,3-gram,JaccardIndex,RoundRobin,com.lilittlecat.chatgpt.offical.entity.ChatCompletionRequestBody$ChatCompletionRequestBodyBuilder,dev.langchain4j.store.embedding.EmbeddingStoreIngestor$Builder,0.5
chatgpt-1.0.2.jar,langchain4j-0.24.0.jar,3-gram,JaccardIndex,RoundRobin,com.lilittlecat.chatgpt.offical.entity.ChatCompletionRequestBody$ChatCompletionRequestBodyBuilder,dev.langchain4j.model.output.EnumOutputParser,0.25
chatgpt-1.0.2.jar,langchain4j-0.24.0.jar,3-gram,JaccardIndex,RoundRobin,com.lilittlecat.chatgpt.offical.entity.ChatCompletionRequestBody$ChatCompletionRequestBodyBuilder,dev.langchain4j.chain.ConversationalRetrievalChain$ConversationalRetrievalChainBuilder,1.0
chatgpt-1.0.2.jar,langchain4j-0.24.0.jar,3-gram,JaccardIndex,RoundRobin,com.lilittlecat.chatgpt.offical.entity.ChatCompletionRequestBody$ChatCompletionRequestBodyBuilder,dev.langchain4j.chain.ConversationalChain$ConversationalChainBuilder,0.782608695652174
chatgpt-1.0.2.jar,langchain4j-azure-open-ai-0.24.0.jar,3-gram,JaccardIndex,RoundRobin,com.lilittlecat.chatgpt.offical.ChatGPT$ChatGPTBuilder,dev.langchain4j.model.azure.AzureOpenAiStreamingLanguageModel$Builder,0.5
chatgpt-1.0.2.jar,langchain4j-azure-open-ai-0.24.0.jar,3-gram,JaccardIndex,RoundRobin,com.lilittlecat.chatgpt.offical.ChatGPT$ChatGPTBuilder,dev.langchain4j.model.azure.AzureOpenAiStreamingChatModel$Builder,0.5
chatgpt-1.0.2.jar,langchain4j-azure-open-ai-0.24.0.jar,3-gram,JaccardIndex,RoundRobin,com.lilittlecat.chatgpt.offical.ChatGPT$ChatGPTBuilder,dev.langchain4j.model.azure.AzureOpenAiLanguageModel$Builder,0.5
chatgpt-1.0.2.jar,langchain4j-azure-open-ai-0.24.0.jar,3-gram,JaccardIndex,RoundRobin,com.lilittlecat.chatgpt.offical.ChatGPT$ChatGPTBuilder,dev.langchain4j.model.azure.AzureOpenAiEmbeddingModel$Builder,0.5
chatgpt-1.0.2.jar,langchain4j-azure-open-ai-0.24.0.jar,3-gram,JaccardIndex,RoundRobin,com.lilittlecat.chatgpt.offical.ChatGPT$ChatGPTBuilder,dev.langchain4j.model.azure.AzureOpenAiChatModel$Builder,0.5
chatgpt-1.0.2.jar,langchain4j-azure-open-ai-0.24.0.jar,3-gram,JaccardIndex,RoundRobin,com.lilittlecat.chatgpt.offical.entity.Message$MessageBuilder,dev.langchain4j.model.azure.AzureOpenAiStreamingLanguageModel$Builder,0.5
chatgpt-1.0.2.jar,langchain4j-azure-open-ai-0.24.0.jar,3-gram,JaccardIndex,RoundRobin,com.lilittlecat.chatgpt.offical.entity.Message$MessageBuilder,dev.langchain4j.model.azure.AzureOpenAiStreamingChatModel$Builder,0.5
chatgpt-1.0.2.jar,langchain4j-azure-open-ai-0.24.0.jar,3-gram,JaccardIndex,RoundRobin,com.lilittlecat.chatgpt.offical.entity.Message$MessageBuilder,dev.langchain4j.model.azure.AzureOpenAiLanguageModel$Builder,0.5
chatgpt-1.0.2.jar,langchain4j-azure-open-ai-0.24.0.jar,3-gram,JaccardIndex,RoundRobin,com.lilittlecat.chatgpt.offical.entity.Message$MessageBuilder,dev.langchain4j.model.azure.AzureOpenAiEmbeddingModel$Builder,0.5
chatgpt-1.0.2.jar,langchain4j-azure-open-ai-0.24.0.jar,3-gram,JaccardIndex,RoundRobin,com.lilittlecat.chatgpt.offical.entity.Message$MessageBuilder,dev.langchain4j.model.azure.AzureOpenAiChatModel$Builder,0.5
chatgpt-1.0.2.jar,langchain4j-azure-open-ai-0.24.0.jar,3-gram,JaccardIndex,RoundRobin,com.lilittlecat.chatgpt.offical.entity.ChatCompletionResponseBody$ChatCompletionResponseBodyBuilder,dev.langchain4j.model.azure.AzureOpenAiStreamingLanguageModel$Builder,0.5
chatgpt-1.0.2.jar,langchain4j-azure-open-ai-0.24.0.jar,3-gram,JaccardIndex,RoundRobin,com.lilittlecat.chatgpt.offical.entity.ChatCompletionResponseBody$ChatCompletionResponseBodyBuilder,dev.langchain4j.model.azure.AzureOpenAiStreamingChatModel$Builder,0.5
chatgpt-1.0.2.jar,langchain4j-azure-open-ai-0.24.0.jar,3-gram,JaccardIndex,RoundRobin,com.lilittlecat.chatgpt.offical.entity.ChatCompletionResponseBody$ChatCompletionResponseBodyBuilder,dev.langchain4j.model.azure.AzureOpenAiLanguageModel$Builder,0.5
chatgpt-1.0.2.jar,langchain4j-azure-open-ai-0.24.0.jar,3-gram,JaccardIndex,RoundRobin,com.lilittlecat.chatgpt.offical.entity.ChatCompletionResponseBody$ChatCompletionResponseBodyBuilder,dev.langchain4j.model.azure.AzureOpenAiEmbeddingModel$Builder,0.5
chatgpt-1.0.2.jar,langchain4j-azure-open-ai-0.24.0.jar,3-gram,JaccardIndex,RoundRobin,com.lilittlecat.chatgpt.offical.entity.ChatCompletionResponseBody$ChatCompletionResponseBodyBuilder,dev.langchain4j.model.azure.AzureOpenAiChatModel$Builder,0.5
chatgpt-1.0.2.jar,langchain4j-azure-open-ai-0.24.0.jar,3-gram,JaccardIndex,RoundRobin,com.lilittlecat.chatgpt.offical.entity.ChatCompletionRequestBody$ChatCompletionRequestBodyBuilder,dev.langchain4j.model.azure.AzureOpenAiStreamingLanguageModel$Builder,0.5
chatgpt-1.0.2.jar,langchain4j-azure-open-ai-0.24.0.jar,3-gram,JaccardIndex,RoundRobin,com.lilittlecat.chatgpt.offical.entity.ChatCompletionRequestBody$ChatCompletionRequestBodyBuilder,dev.langchain4j.model.azure.AzureOpenAiStreamingChatModel$Builder,0.5
chatgpt-1.0.2.jar,langchain4j-azure-open-ai-0.24.0.jar,3-gram,JaccardIndex,RoundRobin,com.lilittlecat.chatgpt.offical.entity.ChatCompletionRequestBody$ChatCompletionRequestBodyBuilder,dev.langchain4j.model.azure.AzureOpenAiLanguageModel$Builder,0.5
chatgpt-1.0.2.jar,langchain4j-azure-open-ai-0.24.0.jar,3-gram,JaccardIndex,RoundRobin,com.lilittlecat.chatgpt.offical.entity.ChatCompletionRequestBody$ChatCompletionRequestBodyBuilder,dev.langchain4j.model.azure.AzureOpenAiEmbeddingModel$Builder,0.5
chatgpt-1.0.2.jar,langchain4j-azure-open-ai-0.24.0.jar,3-gram,JaccardIndex,RoundRobin,com.lilittlecat.chatgpt.offical.entity.ChatCompletionRequestBody$ChatCompletionRequestBodyBuilder,dev.langchain4j.model.azure.AzureOpenAiChatModel$Builder,0.5
chatgpt-1.0.2.jar,langchain4j-bedrock-0.24.0.jar,3-gram,JaccardIndex,RoundRobin,com.lilittlecat.chatgpt.offical.ChatGPT$ChatGPTBuilder,dev.langchain4j.model.bedrock.BedrockTitanEmbeddingModel$BedrockTitanEmbeddingModelBuilder,0.43333333333333335
chatgpt-1.0.2.jar,langchain4j-bedrock-0.24.0.jar,3-gram,JaccardIndex,RoundRobin,com.lilittlecat.chatgpt.offical.ChatGPT$ChatGPTBuilder,dev.langchain4j.model.bedrock.BedrockTitanChatModel$BedrockTitanChatModelBuilder,0.43333333333333335
chatgpt-1.0.2.jar,langchain4j-bedrock-0.24.0.jar,3-gram,JaccardIndex,RoundRobin,com.lilittlecat.chatgpt.offical.ChatGPT$ChatGPTBuilder,dev.langchain4j.model.bedrock.BedrockStabilityAIChatModel$BedrockStabilityAIChatModelBuilder,0.37142857142857144
chatgpt-1.0.2.jar,langchain4j-bedrock-0.24.0.jar,3-gram,JaccardIndex,RoundRobin,com.lilittlecat.chatgpt.offical.ChatGPT$ChatGPTBuilder,dev.langchain4j.model.bedrock.BedrockCohereChatModel$BedrockCohereChatModelBuilder,0.40625
chatgpt-1.0.2.jar,langchain4j-bedrock-0.24.0.jar,3-gram,JaccardIndex,RoundRobin,com.lilittlecat.chatgpt.offical.ChatGPT$ChatGPTBuilder,dev.langchain4j.model.bedrock.BedrockAnthropicChatModel$BedrockAnthropicChatModelBuilder,0.40625
chatgpt-1.0.2.jar,langchain4j-bedrock-0.24.0.jar,3-gram,JaccardIndex,RoundRobin,com.lilittlecat.chatgpt.offical.ChatGPT$ChatGPTBuilder,dev.langchain4j.model.bedrock.BedrockAI21LabsChatModel$BedrockAI21LabsChatModelBuilder,0.43333333333333335
chatgpt-1.0.2.jar,langchain4j-bedrock-0.24.0.jar,3-gram,JaccardIndex,RoundRobin,com.lilittlecat.chatgpt.offical.ChatGPT$ChatGPTBuilder,dev.langchain4j.model.bedrock.internal.AbstractBedrockEmbeddingModel$AbstractBedrockEmbeddingModelBuilder,0.48148148148148145
chatgpt-1.0.2.jar,langchain4j-bedrock-0.24.0.jar,3-gram,JaccardIndex,RoundRobin,com.lilittlecat.chatgpt.offical.ChatGPT$ChatGPTBuilder,dev.langchain4j.model.bedrock.internal.AbstractBedrockChatModel$AbstractBedrockChatModelBuilder,0.37142857142857144
chatgpt-1.0.2.jar,langchain4j-bedrock-0.24.0.jar,3-gram,JaccardIndex,RoundRobin,com.lilittlecat.chatgpt.offical.exception.Error,dev.langchain4j.model.bedrock.BedrockTitanEmbeddingModel$Types,0.30985915492957744
chatgpt-1.0.2.jar,langchain4j-bedrock-0.24.0.jar,3-gram,JaccardIndex,RoundRobin,com.lilittlecat.chatgpt.offical.exception.Error,dev.langchain4j.model.bedrock.BedrockTitanChatModel$Types,0.3972602739726027
chatgpt-1.0.2.jar,langchain4j-bedrock-0.24.0.jar,3-gram,JaccardIndex,RoundRobin,com.lilittlecat.chatgpt.offical.exception.Error,dev.langchain4j.model.bedrock.BedrockStabilityAIChatModel$Types,0.30985915492957744
chatgpt-1.0.2.jar,langchain4j-bedrock-0.24.0.jar,3-gram,JaccardIndex,RoundRobin,com.lilittlecat.chatgpt.offical.exception.Error,dev.langchain4j.model.bedrock.BedrockStabilityAIChatModel$StylePreset,0.6097560975609756
chatgpt-1.0.2.jar,langchain4j-bedrock-0.24.0.jar,3-gram,JaccardIndex,RoundRobin,com.lilittlecat.chatgpt.offical.exception.Error,dev.langchain4j.model.bedrock.BedrockCohereChatModel$Types,0.30985915492957744
chatgpt-1.0.2.jar,langchain4j-bedrock-0.24.0.jar,3-gram,JaccardIndex,RoundRobin,com.lilittlecat.chatgpt.offical.exception.Error,dev.langchain4j.model.bedrock.BedrockCohereChatModel$ReturnLikelihood,0.35526315789473684
chatgpt-1.0.2.jar,langchain4j-bedrock-0.24.0.jar,3-gram,JaccardIndex,RoundRobin,com.lilittlecat.chatgpt.offical.exception.Error,dev.langchain4j.model.bedrock.BedrockAnthropicChatModel$Types,0.44
chatgpt-1.0.2.jar,langchain4j-bedrock-0.24.0.jar,3-gram,JaccardIndex,RoundRobin,com.lilittlecat.chatgpt.offical.exception.Error,dev.langchain4j.model.bedrock.BedrockAI21LabsChatModel$Types,0.3972602739726027
chatgpt-1.0.2.jar,langchain4j-bedrock-0.24.0.jar,3-gram,JaccardIndex,RoundRobin,com.lilittlecat.chatgpt.offical.entity.Model,dev.langchain4j.model.bedrock.BedrockTitanEmbeddingModel$Types,0.36923076923076925
chatgpt-1.0.2.jar,langchain4j-bedrock-0.24.0.jar,3-gram,JaccardIndex,RoundRobin,com.lilittlecat.chatgpt.offical.entity.Model,dev.langchain4j.model.bedrock.BedrockTitanChatModel$Types,0.5076923076923077
chatgpt-1.0.2.jar,langchain4j-bedrock-0.24.0.jar,3-gram,JaccardIndex,RoundRobin,com.lilittlecat.chatgpt.offical.entity.Model,dev.langchain4j.model.bedrock.BedrockStabilityAIChatModel$Types,0.36923076923076925
chatgpt-1.0.2.jar,langchain4j-bedrock-0.24.0.jar,3-gram,JaccardIndex,RoundRobin,com.lilittlecat.chatgpt.offical.entity.Model,dev.langchain4j.model.bedrock.BedrockStabilityAIChatModel$StylePreset,1.0
chatgpt-1.0.2.jar,langchain4j-bedrock-0.24.0.jar,3-gram,JaccardIndex,RoundRobin,com.lilittlecat.chatgpt.offical.entity.Model,dev.langchain4j.model.bedrock.BedrockCohereChatModel$Types,0.36923076923076925
chatgpt-1.0.2.jar,langchain4j-bedrock-0.24.0.jar,3-gram,JaccardIndex,RoundRobin,com.lilittlecat.chatgpt.offical.entity.Model,dev.langchain4j.model.bedrock.BedrockCohereChatModel$ReturnLikelihood,0.375
chatgpt-1.0.2.jar,langchain4j-bedrock-0.24.0.jar,3-gram,JaccardIndex,RoundRobin,com.lilittlecat.chatgpt.offical.entity.Model,dev.langchain4j.model.bedrock.BedrockAnthropicChatModel$Types,0.6
chatgpt-1.0.2.jar,langchain4j-bedrock-0.24.0.jar,3-gram,JaccardIndex,RoundRobin,com.lilittlecat.chatgpt.offical.entity.Model,dev.langchain4j.model.bedrock.BedrockAI21LabsChatModel$Types,0.5076923076923077
chatgpt-1.0.2.jar,langchain4j-bedrock-0.24.0.jar,3-gram,JaccardIndex,RoundRobin,com.lilittlecat.chatgpt.offical.entity.Message$MessageBuilder,dev.langchain4j.model.bedrock.BedrockTitanEmbeddingModel$BedrockTitanEmbeddingModelBuilder,0.43333333333333335
chatgpt-1.0.2.jar,langchain4j-bedrock-0.24.0.jar,3-gram,JaccardIndex,RoundRobin,com.lilittlecat.chatgpt.offical.entity.Message$MessageBuilder,dev.langchain4j.model.bedrock.BedrockTitanChatModel$BedrockTitanChatModelBuilder,0.43333333333333335
chatgpt-1.0.2.jar,langchain4j-bedrock-0.24.0.jar,3-gram,JaccardIndex,RoundRobin,com.lilittlecat.chatgpt.offical.entity.Message$MessageBuilder,dev.langchain4j.model.bedrock.BedrockStabilityAIChatModel$BedrockStabilityAIChatModelBuilder,0.37142857142857144
chatgpt-1.0.2.jar,langchain4j-bedrock-0.24.0.jar,3-gram,JaccardIndex,RoundRobin,com.lilittlecat.chatgpt.offical.entity.Message$MessageBuilder,dev.langchain4j.model.bedrock.BedrockCohereChatModel$BedrockCohereChatModelBuilder,0.40625
chatgpt-1.0.2.jar,langchain4j-bedrock-0.24.0.jar,3-gram,JaccardIndex,RoundRobin,com.lilittlecat.chatgpt.offical.entity.Message$MessageBuilder,dev.langchain4j.model.bedrock.BedrockAnthropicChatModel$BedrockAnthropicChatModelBuilder,0.40625
chatgpt-1.0.2.jar,langchain4j-bedrock-0.24.0.jar,3-gram,JaccardIndex,RoundRobin,com.lilittlecat.chatgpt.offical.entity.Message$MessageBuilder,dev.langchain4j.model.bedrock.BedrockAI21LabsChatModel$BedrockAI21LabsChatModelBuilder,0.43333333333333335
chatgpt-1.0.2.jar,langchain4j-bedrock-0.24.0.jar,3-gram,JaccardIndex,RoundRobin,com.lilittlecat.chatgpt.offical.entity.Message$MessageBuilder,dev.langchain4j.model.bedrock.internal.AbstractBedrockEmbeddingModel$AbstractBedrockEmbeddingModelBuilder,0.48148148148148145
chatgpt-1.0.2.jar,langchain4j-bedrock-0.24.0.jar,3-gram,JaccardIndex,RoundRobin,com.lilittlecat.chatgpt.offical.entity.Message$MessageBuilder,dev.langchain4j.model.bedrock.internal.AbstractBedrockChatModel$AbstractBedrockChatModelBuilder,0.37142857142857144
chatgpt-1.0.2.jar,langchain4j-bedrock-0.24.0.jar,3-gram,JaccardIndex,RoundRobin,com.lilittlecat.chatgpt.offical.entity.ChatCompletionResponseBody$ChatCompletionResponseBodyBuilder,dev.langchain4j.model.bedrock.BedrockTitanEmbeddingModel$BedrockTitanEmbeddingModelBuilder,0.43333333333333335
chatgpt-1.0.2.jar,langchain4j-bedrock-0.24.0.jar,3-gram,JaccardIndex,RoundRobin,com.lilittlecat.chatgpt.offical.entity.ChatCompletionResponseBody$ChatCompletionResponseBodyBuilder,dev.langchain4j.model.bedrock.BedrockTitanChatModel$BedrockTitanChatModelBuilder,0.43333333333333335
chatgpt-1.0.2.jar,langchain4j-bedrock-0.24.0.jar,3-gram,JaccardIndex,RoundRobin,com.lilittlecat.chatgpt.offical.entity.ChatCompletionResponseBody$ChatCompletionResponseBodyBuilder,dev.langchain4j.model.bedrock.BedrockStabilityAIChatModel$BedrockStabilityAIChatModelBuilder,0.37142857142857144
chatgpt-1.0.2.jar,langchain4j-bedrock-0.24.0.jar,3-gram,JaccardIndex,RoundRobin,com.lilittlecat.chatgpt.offical.entity.ChatCompletionResponseBody$ChatCompletionResponseBodyBuilder,dev.langchain4j.model.bedrock.BedrockCohereChatModel$BedrockCohereChatModelBuilder,0.40625
chatgpt-1.0.2.jar,langchain4j-bedrock-0.24.0.jar,3-gram,JaccardIndex,RoundRobin,com.lilittlecat.chatgpt.offical.entity.ChatCompletionResponseBody$ChatCompletionResponseBodyBuilder,dev.langchain4j.model.bedrock.BedrockAnthropicChatModel$BedrockAnthropicChatModelBuilder,0.40625
chatgpt-1.0.2.jar,langchain4j-bedrock-0.24.0.jar,3-gram,JaccardIndex,RoundRobin,com.lilittlecat.chatgpt.offical.entity.ChatCompletionResponseBody$ChatCompletionResponseBodyBuilder,dev.langchain4j.model.bedrock.BedrockAI21LabsChatModel$BedrockAI21LabsChatModelBuilder,0.43333333333333335
chatgpt-1.0.2.jar,langchain4j-bedrock-0.24.0.jar,3-gram,JaccardIndex,RoundRobin,com.lilittlecat.chatgpt.offical.entity.ChatCompletionResponseBody$ChatCompletionResponseBodyBuilder,dev.langchain4j.model.bedrock.internal.AbstractBedrockEmbeddingModel$AbstractBedrockEmbeddingModelBuilder,0.48148148148148145
chatgpt-1.0.2.jar,langchain4j-bedrock-0.24.0.jar,3-gram,JaccardIndex,RoundRobin,com.lilittlecat.chatgpt.offical.entity.ChatCompletionResponseBody$ChatCompletionResponseBodyBuilder,dev.langchain4j.model.bedrock.internal.AbstractBedrockChatModel$AbstractBedrockChatModelBuilder,0.37142857142857144
chatgpt-1.0.2.jar,langchain4j-bedrock-0.24.0.jar,3-gram,JaccardIndex,RoundRobin,com.lilittlecat.chatgpt.offical.entity.ChatCompletionRequestBody$ChatCompletionRequestBodyBuilder,dev.langchain4j.model.bedrock.BedrockTitanEmbeddingModel$BedrockTitanEmbeddingModelBuilder,0.43333333333333335
chatgpt-1.0.2.jar,langchain4j-bedrock-0.24.0.jar,3-gram,JaccardIndex,RoundRobin,com.lilittlecat.chatgpt.offical.entity.ChatCompletionRequestBody$ChatCompletionRequestBodyBuilder,dev.langchain4j.model.bedrock.BedrockTitanChatModel$BedrockTitanChatModelBuilder,0.43333333333333335
chatgpt-1.0.2.jar,langchain4j-bedrock-0.24.0.jar,3-gram,JaccardIndex,RoundRobin,com.lilittlecat.chatgpt.offical.entity.ChatCompletionRequestBody$ChatCompletionRequestBodyBuilder,dev.langchain4j.model.bedrock.BedrockStabilityAIChatModel$BedrockStabilityAIChatModelBuilder,0.37142857142857144
chatgpt-1.0.2.jar,langchain4j-bedrock-0.24.0.jar,3-gram,JaccardIndex,RoundRobin,com.lilittlecat.chatgpt.offical.entity.ChatCompletionRequestBody$ChatCompletionRequestBodyBuilder,dev.langchain4j.model.bedrock.BedrockCohereChatModel$BedrockCohereChatModelBuilder,0.40625
chatgpt-1.0.2.jar,langchain4j-bedrock-0.24.0.jar,3-gram,JaccardIndex,RoundRobin,com.lilittlecat.chatgpt.offical.entity.ChatCompletionRequestBody$ChatCompletionRequestBodyBuilder,dev.langchain4j.model.bedrock.BedrockAnthropicChatModel$BedrockAnthropicChatModelBuilder,0.40625
chatgpt-1.0.2.jar,langchain4j-bedrock-0.24.0.jar,3-gram,JaccardIndex,RoundRobin,com.lilittlecat.chatgpt.offical.entity.ChatCompletionRequestBody$ChatCompletionRequestBodyBuilder,dev.langchain4j.model.bedrock.BedrockAI21LabsChatModel$BedrockAI21LabsChatModelBuilder,0.43333333333333335
chatgpt-1.0.2.jar,langchain4j-bedrock-0.24.0.jar,3-gram,JaccardIndex,RoundRobin,com.lilittlecat.chatgpt.offical.entity.ChatCompletionRequestBody$ChatCompletionRequestBodyBuilder,dev.langchain4j.model.bedrock.internal.AbstractBedrockEmbeddingModel$AbstractBedrockEmbeddingModelBuilder,0.48148148148148145
chatgpt-1.0.2.jar,langchain4j-bedrock-0.24.0.jar,3-gram,JaccardIndex,RoundRobin,com.lilittlecat.chatgpt.offical.entity.ChatCompletionRequestBody$ChatCompletionRequestBodyBuilder,dev.langchain4j.model.bedrock.internal.AbstractBedrockChatModel$AbstractBedrockChatModelBuilder,0.37142857142857144
chatgpt-1.0.2.jar,langchain4j-cassandra-0.24.0.jar,3-gram,JaccardIndex,RoundRobin,com.lilittlecat.chatgpt.offical.ChatGPT$ChatGPTBuilder,dev.langchain4j.store.embedding.cassandra.CassandraEmbeddingConfiguration$CassandraEmbeddingConfigurationBuilder,0.7407407407407407
chatgpt-1.0.2.jar,langchain4j-cassandra-0.24.0.jar,3-gram,JaccardIndex,RoundRobin,com.lilittlecat.chatgpt.offical.ChatGPT$ChatGPTBuilder,dev.langchain4j.store.embedding.cassandra.AstraDbEmbeddingConfiguration$AstraDbEmbeddingConfigurationBuilder,0.7407407407407407
chatgpt-1.0.2.jar,langchain4j-cassandra-0.24.0.jar,3-gram,JaccardIndex,RoundRobin,com.lilittlecat.chatgpt.offical.entity.Message$MessageBuilder,dev.langchain4j.store.embedding.cassandra.CassandraEmbeddingConfiguration$CassandraEmbeddingConfigurationBuilder,0.7407407407407407
chatgpt-1.0.2.jar,langchain4j-cassandra-0.24.0.jar,3-gram,JaccardIndex,RoundRobin,com.lilittlecat.chatgpt.offical.entity.Message$MessageBuilder,dev.langchain4j.store.embedding.cassandra.AstraDbEmbeddingConfiguration$AstraDbEmbeddingConfigurationBuilder,0.7407407407407407
chatgpt-1.0.2.jar,langchain4j-cassandra-0.24.0.jar,3-gram,JaccardIndex,RoundRobin,com.lilittlecat.chatgpt.offical.entity.ChatCompletionResponseBody$ChatCompletionResponseBodyBuilder,dev.langchain4j.store.embedding.cassandra.CassandraEmbeddingConfiguration$CassandraEmbeddingConfigurationBuilder,0.7407407407407407
chatgpt-1.0.2.jar,langchain4j-cassandra-0.24.0.jar,3-gram,JaccardIndex,RoundRobin,com.lilittlecat.chatgpt.offical.entity.ChatCompletionResponseBody$ChatCompletionResponseBodyBuilder,dev.langchain4j.store.embedding.cassandra.AstraDbEmbeddingConfiguration$AstraDbEmbeddingConfigurationBuilder,0.7407407407407407
chatgpt-1.0.2.jar,langchain4j-cassandra-0.24.0.jar,3-gram,JaccardIndex,RoundRobin,com.lilittlecat.chatgpt.offical.entity.ChatCompletionRequestBody$ChatCompletionRequestBodyBuilder,dev.langchain4j.store.embedding.cassandra.CassandraEmbeddingConfiguration$CassandraEmbeddingConfigurationBuilder,0.7407407407407407
chatgpt-1.0.2.jar,langchain4j-cassandra-0.24.0.jar,3-gram,JaccardIndex,RoundRobin,com.lilittlecat.chatgpt.offical.entity.ChatCompletionRequestBody$ChatCompletionRequestBodyBuilder,dev.langchain4j.store.embedding.cassandra.AstraDbEmbeddingConfiguration$AstraDbEmbeddingConfigurationBuilder,0.7407407407407407
chatgpt-1.0.2.jar,langchain4j-chroma-0.24.0.jar,3-gram,JaccardIndex,RoundRobin,com.lilittlecat.chatgpt.offical.ChatGPT$ChatGPTBuilder,dev.langchain4j.store.embedding.chroma.ChromaEmbeddingStore$Builder,0.5
chatgpt-1.0.2.jar,langchain4j-chroma-0.24.0.jar,3-gram,JaccardIndex,RoundRobin,com.lilittlecat.chatgpt.offical.entity.Message$MessageBuilder,dev.langchain4j.store.embedding.chroma.ChromaEmbeddingStore$Builder,0.5
chatgpt-1.0.2.jar,langchain4j-chroma-0.24.0.jar,3-gram,JaccardIndex,RoundRobin,com.lilittlecat.chatgpt.offical.entity.Constant,dev.langchain4j.store.embedding.chroma.QueryResponse,0.3333333333333333
chatgpt-1.0.2.jar,langchain4j-chroma-0.24.0.jar,3-gram,JaccardIndex,RoundRobin,com.lilittlecat.chatgpt.offical.entity.Constant,dev.langchain4j.store.embedding.chroma.Collection,0.3333333333333333
chatgpt-1.0.2.jar,langchain4j-chroma-0.24.0.jar,3-gram,JaccardIndex,RoundRobin,com.lilittlecat.chatgpt.offical.entity.ChatCompletionResponseBody$ChatCompletionResponseBodyBuilder,dev.langchain4j.store.embedding.chroma.ChromaEmbeddingStore$Builder,0.5
chatgpt-1.0.2.jar,langchain4j-chroma-0.24.0.jar,3-gram,JaccardIndex,RoundRobin,com.lilittlecat.chatgpt.offical.entity.ChatCompletionRequestBody$ChatCompletionRequestBodyBuilder,dev.langchain4j.store.embedding.chroma.ChromaEmbeddingStore$Builder,0.5
chatgpt-1.0.2.jar,langchain4j-core-0.24.0.jar,3-gram,JaccardIndex,RoundRobin,com.lilittlecat.chatgpt.offical.exception.Error,dev.langchain4j.model.output.FinishReason,0.3974358974358974
chatgpt-1.0.2.jar,langchain4j-core-0.24.0.jar,3-gram,JaccardIndex,RoundRobin,com.lilittlecat.chatgpt.offical.exception.Error,dev.langchain4j.data.message.ChatMessageType,0.33695652173913043
chatgpt-1.0.2.jar,langchain4j-core-0.24.0.jar,3-gram,JaccardIndex,RoundRobin,com.lilittlecat.chatgpt.offical.exception.BizException,dev.langchain4j.data.message.ChatMessage,0.2857142857142857
chatgpt-1.0.2.jar,langchain4j-core-0.24.0.jar,3-gram,JaccardIndex,RoundRobin,com.lilittlecat.chatgpt.offical.entity.Model,dev.langchain4j.model.output.FinishReason,0.4189189189189189
chatgpt-1.0.2.jar,langchain4j-core-0.24.0.jar,3-gram,JaccardIndex,RoundRobin,com.lilittlecat.chatgpt.offical.entity.Model,dev.langchain4j.data.message.ChatMessageType,0.3522727272727273
chatgpt-1.0.2.jar,langchain4j-core-0.24.0.jar,3-gram,JaccardIndex,RoundRobin,com.lilittlecat.chatgpt.offical.entity.Constant,dev.langchain4j.model.input.structured.DefaultStructuredPromptFactory$1,0.5
chatgpt-1.0.2.jar,langchain4j-core-0.24.0.jar,3-gram,JaccardIndex,RoundRobin,com.lilittlecat.chatgpt.offical.entity.Constant,dev.langchain4j.data.message.GsonChatMessageJsonCodec$1,0.5
chatgpt-1.0.2.jar,langchain4j-core-0.24.0.jar,3-gram,JaccardIndex,RoundRobin,com.lilittlecat.chatgpt.offical.entity.Constant,dev.langchain4j.data.message.ChatMessageDeserializer,0.25
chatgpt-1.0.2.jar,langchain4j-core-0.24.0.jar,3-gram,JaccardIndex,RoundRobin,com.lilittlecat.chatgpt.offical.entity.Constant,dev.langchain4j.agent.tool.ToolExecutionRequestUtil$1,0.5
chatgpt-1.0.2.jar,langchain4j-dashscope-0.24.0.jar,3-gram,JaccardIndex,RoundRobin,com.lilittlecat.chatgpt.offical.ChatGPT$ChatGPTBuilder,dev.langchain4j.model.dashscope.QwenStreamingLanguageModel$Builder,0.25925925925925924
chatgpt-1.0.2.jar,langchain4j-dashscope-0.24.0.jar,3-gram,JaccardIndex,RoundRobin,com.lilittlecat.chatgpt.offical.ChatGPT$ChatGPTBuilder,dev.langchain4j.model.dashscope.QwenStreamingChatModel$Builder,0.25925925925925924
chatgpt-1.0.2.jar,langchain4j-dashscope-0.24.0.jar,3-gram,JaccardIndex,RoundRobin,com.lilittlecat.chatgpt.offical.ChatGPT$ChatGPTBuilder,dev.langchain4j.model.dashscope.QwenEmbeddingModel$Builder,0.2631578947368421
chatgpt-1.0.2.jar,langchain4j-dashscope-0.24.0.jar,3-gram,JaccardIndex,RoundRobin,com.lilittlecat.chatgpt.offical.entity.Message$MessageBuilder,dev.langchain4j.model.dashscope.QwenStreamingLanguageModel$Builder,0.25925925925925924
chatgpt-1.0.2.jar,langchain4j-dashscope-0.24.0.jar,3-gram,JaccardIndex,RoundRobin,com.lilittlecat.chatgpt.offical.entity.Message$MessageBuilder,dev.langchain4j.model.dashscope.QwenStreamingChatModel$Builder,0.25925925925925924
chatgpt-1.0.2.jar,langchain4j-dashscope-0.24.0.jar,3-gram,JaccardIndex,RoundRobin,com.lilittlecat.chatgpt.offical.entity.Message$MessageBuilder,dev.langchain4j.model.dashscope.QwenEmbeddingModel$Builder,0.2631578947368421
chatgpt-1.0.2.jar,langchain4j-dashscope-0.24.0.jar,3-gram,JaccardIndex,RoundRobin,com.lilittlecat.chatgpt.offical.entity.Constant,dev.langchain4j.model.dashscope.QwenModelName,0.5
chatgpt-1.0.2.jar,langchain4j-dashscope-0.24.0.jar,3-gram,JaccardIndex,RoundRobin,com.lilittlecat.chatgpt.offical.entity.ChatCompletionResponseBody$ChatCompletionResponseBodyBuilder,dev.langchain4j.model.dashscope.QwenStreamingLanguageModel$Builder,0.25925925925925924
chatgpt-1.0.2.jar,langchain4j-dashscope-0.24.0.jar,3-gram,JaccardIndex,RoundRobin,com.lilittlecat.chatgpt.offical.entity.ChatCompletionResponseBody$ChatCompletionResponseBodyBuilder,dev.langchain4j.model.dashscope.QwenStreamingChatModel$Builder,0.25925925925925924
chatgpt-1.0.2.jar,langchain4j-dashscope-0.24.0.jar,3-gram,JaccardIndex,RoundRobin,com.lilittlecat.chatgpt.offical.entity.ChatCompletionResponseBody$ChatCompletionResponseBodyBuilder,dev.langchain4j.model.dashscope.QwenEmbeddingModel$Builder,0.2631578947368421
chatgpt-1.0.2.jar,langchain4j-dashscope-0.24.0.jar,3-gram,JaccardIndex,RoundRobin,com.lilittlecat.chatgpt.offical.entity.ChatCompletionRequestBody$ChatCompletionRequestBodyBuilder,dev.langchain4j.model.dashscope.QwenStreamingLanguageModel$Builder,0.25925925925925924
chatgpt-1.0.2.jar,langchain4j-dashscope-0.24.0.jar,3-gram,JaccardIndex,RoundRobin,com.lilittlecat.chatgpt.offical.entity.ChatCompletionRequestBody$ChatCompletionRequestBodyBuilder,dev.langchain4j.model.dashscope.QwenStreamingChatModel$Builder,0.25925925925925924
chatgpt-1.0.2.jar,langchain4j-dashscope-0.24.0.jar,3-gram,JaccardIndex,RoundRobin,com.lilittlecat.chatgpt.offical.entity.ChatCompletionRequestBody$ChatCompletionRequestBodyBuilder,dev.langchain4j.model.dashscope.QwenEmbeddingModel$Builder,0.2631578947368421
chatgpt-1.0.2.jar,langchain4j-elasticsearch-0.24.0.jar,3-gram,JaccardIndex,RoundRobin,com.lilittlecat.chatgpt.offical.ChatGPT$ChatGPTBuilder,dev.langchain4j.store.embedding.elasticsearch.ElasticsearchEmbeddingStore$Builder,0.375
chatgpt-1.0.2.jar,langchain4j-elasticsearch-0.24.0.jar,3-gram,JaccardIndex,RoundRobin,com.lilittlecat.chatgpt.offical.ChatGPT$ChatGPTBuilder,dev.langchain4j.store.embedding.elasticsearch.Document$DocumentBuilder,0.8695652173913043
chatgpt-1.0.2.jar,langchain4j-elasticsearch-0.24.0.jar,3-gram,JaccardIndex,RoundRobin,com.lilittlecat.chatgpt.offical.entity.Message,dev.langchain4j.store.embedding.elasticsearch.Document,0.8441558441558441
chatgpt-1.0.2.jar,langchain4j-elasticsearch-0.24.0.jar,3-gram,JaccardIndex,RoundRobin,com.lilittlecat.chatgpt.offical.entity.Message$MessageBuilder,dev.langchain4j.store.embedding.elasticsearch.ElasticsearchEmbeddingStore$Builder,0.375
chatgpt-1.0.2.jar,langchain4j-elasticsearch-0.24.0.jar,3-gram,JaccardIndex,RoundRobin,com.lilittlecat.chatgpt.offical.entity.Message$MessageBuilder,dev.langchain4j.store.embedding.elasticsearch.Document$DocumentBuilder,0.8695652173913043
chatgpt-1.0.2.jar,langchain4j-elasticsearch-0.24.0.jar,3-gram,JaccardIndex,RoundRobin,com.lilittlecat.chatgpt.offical.entity.Constant,dev.langchain4j.store.embedding.elasticsearch.ElasticsearchRequestFailedException,0.25
chatgpt-1.0.2.jar,langchain4j-elasticsearch-0.24.0.jar,3-gram,JaccardIndex,RoundRobin,com.lilittlecat.chatgpt.offical.entity.ChatCompletionResponseBody,dev.langchain4j.store.embedding.elasticsearch.Document,0.8441558441558441
chatgpt-1.0.2.jar,langchain4j-elasticsearch-0.24.0.jar,3-gram,JaccardIndex,RoundRobin,com.lilittlecat.chatgpt.offical.entity.ChatCompletionResponseBody$Usage,dev.langchain4j.store.embedding.elasticsearch.Document,0.7792207792207793
chatgpt-1.0.2.jar,langchain4j-elasticsearch-0.24.0.jar,3-gram,JaccardIndex,RoundRobin,com.lilittlecat.chatgpt.offical.entity.ChatCompletionResponseBody$Choice,dev.langchain4j.store.embedding.elasticsearch.Document,0.7792207792207793
chatgpt-1.0.2.jar,langchain4j-elasticsearch-0.24.0.jar,3-gram,JaccardIndex,RoundRobin,com.lilittlecat.chatgpt.offical.entity.ChatCompletionResponseBody$ChatCompletionResponseBodyBuilder,dev.langchain4j.store.embedding.elasticsearch.ElasticsearchEmbeddingStore$Builder,0.375
chatgpt-1.0.2.jar,langchain4j-elasticsearch-0.24.0.jar,3-gram,JaccardIndex,RoundRobin,com.lilittlecat.chatgpt.offical.entity.ChatCompletionResponseBody$ChatCompletionResponseBodyBuilder,dev.langchain4j.store.embedding.elasticsearch.Document$DocumentBuilder,0.8695652173913043
chatgpt-1.0.2.jar,langchain4j-elasticsearch-0.24.0.jar,3-gram,JaccardIndex,RoundRobin,com.lilittlecat.chatgpt.offical.entity.ChatCompletionRequestBody,dev.langchain4j.store.embedding.elasticsearch.Document,0.8311688311688312
chatgpt-1.0.2.jar,langchain4j-elasticsearch-0.24.0.jar,3-gram,JaccardIndex,RoundRobin,com.lilittlecat.chatgpt.offical.entity.ChatCompletionRequestBody$ChatCompletionRequestBodyBuilder,dev.langchain4j.store.embedding.elasticsearch.ElasticsearchEmbeddingStore$Builder,0.375
chatgpt-1.0.2.jar,langchain4j-elasticsearch-0.24.0.jar,3-gram,JaccardIndex,RoundRobin,com.lilittlecat.chatgpt.offical.entity.ChatCompletionRequestBody$ChatCompletionRequestBodyBuilder,dev.langchain4j.store.embedding.elasticsearch.Document$DocumentBuilder,0.8695652173913043
chatgpt-1.0.2.jar,langchain4j-hugging-face-0.24.0.jar,3-gram,JaccardIndex,RoundRobin,com.lilittlecat.chatgpt.offical.ChatGPT$ChatGPTBuilder,dev.langchain4j.model.huggingface.HuggingFaceEmbeddingModel$HuggingFaceEmbeddingModelBuilder,1.0
chatgpt-1.0.2.jar,langchain4j-hugging-face-0.24.0.jar,3-gram,JaccardIndex,RoundRobin,com.lilittlecat.chatgpt.offical.exception.BizException,dev.langchain4j.model.huggingface.client.TextGenerationResponse,0.2857142857142857
chatgpt-1.0.2.jar,langchain4j-hugging-face-0.24.0.jar,3-gram,JaccardIndex,RoundRobin,com.lilittlecat.chatgpt.offical.exception.BizException,dev.langchain4j.model.huggingface.client.EmbeddingRequest,0.25
chatgpt-1.0.2.jar,langchain4j-hugging-face-0.24.0.jar,3-gram,JaccardIndex,RoundRobin,com.lilittlecat.chatgpt.offical.entity.Message$MessageBuilder,dev.langchain4j.model.huggingface.HuggingFaceEmbeddingModel$HuggingFaceEmbeddingModelBuilder,1.0
chatgpt-1.0.2.jar,langchain4j-hugging-face-0.24.0.jar,3-gram,JaccardIndex,RoundRobin,com.lilittlecat.chatgpt.offical.entity.Constant,dev.langchain4j.model.huggingface.HuggingFaceModelName,0.5
chatgpt-1.0.2.jar,langchain4j-hugging-face-0.24.0.jar,3-gram,JaccardIndex,RoundRobin,com.lilittlecat.chatgpt.offical.entity.ChatCompletionResponseBody$ChatCompletionResponseBodyBuilder,dev.langchain4j.model.huggingface.HuggingFaceEmbeddingModel$HuggingFaceEmbeddingModelBuilder,1.0
chatgpt-1.0.2.jar,langchain4j-hugging-face-0.24.0.jar,3-gram,JaccardIndex,RoundRobin,com.lilittlecat.chatgpt.offical.entity.ChatCompletionRequestBody$ChatCompletionRequestBodyBuilder,dev.langchain4j.model.huggingface.HuggingFaceEmbeddingModel$HuggingFaceEmbeddingModelBuilder,1.0
chatgpt-1.0.2.jar,langchain4j-local-ai-0.24.0.jar,3-gram,JaccardIndex,RoundRobin,com.lilittlecat.chatgpt.offical.ChatGPT$ChatGPTBuilder,dev.langchain4j.model.localai.LocalAiStreamingLanguageModel$LocalAiStreamingLanguageModelBuilder,1.0
chatgpt-1.0.2.jar,langchain4j-local-ai-0.24.0.jar,3-gram,JaccardIndex,RoundRobin,com.lilittlecat.chatgpt.offical.ChatGPT$ChatGPTBuilder,dev.langchain4j.model.localai.LocalAiStreamingChatModel$LocalAiStreamingChatModelBuilder,1.0
chatgpt-1.0.2.jar,langchain4j-local-ai-0.24.0.jar,3-gram,JaccardIndex,RoundRobin,com.lilittlecat.chatgpt.offical.ChatGPT$ChatGPTBuilder,dev.langchain4j.model.localai.LocalAiLanguageModel$LocalAiLanguageModelBuilder,1.0
chatgpt-1.0.2.jar,langchain4j-local-ai-0.24.0.jar,3-gram,JaccardIndex,RoundRobin,com.lilittlecat.chatgpt.offical.ChatGPT$ChatGPTBuilder,dev.langchain4j.model.localai.LocalAiEmbeddingModel$LocalAiEmbeddingModelBuilder,1.0
chatgpt-1.0.2.jar,langchain4j-local-ai-0.24.0.jar,3-gram,JaccardIndex,RoundRobin,com.lilittlecat.chatgpt.offical.ChatGPT$ChatGPTBuilder,dev.langchain4j.model.localai.LocalAiChatModel$LocalAiChatModelBuilder,1.0
chatgpt-1.0.2.jar,langchain4j-local-ai-0.24.0.jar,3-gram,JaccardIndex,RoundRobin,com.lilittlecat.chatgpt.offical.entity.Message$MessageBuilder,dev.langchain4j.model.localai.LocalAiStreamingLanguageModel$LocalAiStreamingLanguageModelBuilder,1.0
chatgpt-1.0.2.jar,langchain4j-local-ai-0.24.0.jar,3-gram,JaccardIndex,RoundRobin,com.lilittlecat.chatgpt.offical.entity.Message$MessageBuilder,dev.langchain4j.model.localai.LocalAiStreamingChatModel$LocalAiStreamingChatModelBuilder,1.0
chatgpt-1.0.2.jar,langchain4j-local-ai-0.24.0.jar,3-gram,JaccardIndex,RoundRobin,com.lilittlecat.chatgpt.offical.entity.Message$MessageBuilder,dev.langchain4j.model.localai.LocalAiLanguageModel$LocalAiLanguageModelBuilder,1.0
chatgpt-1.0.2.jar,langchain4j-local-ai-0.24.0.jar,3-gram,JaccardIndex,RoundRobin,com.lilittlecat.chatgpt.offical.entity.Message$MessageBuilder,dev.langchain4j.model.localai.LocalAiEmbeddingModel$LocalAiEmbeddingModelBuilder,1.0
chatgpt-1.0.2.jar,langchain4j-local-ai-0.24.0.jar,3-gram,JaccardIndex,RoundRobin,com.lilittlecat.chatgpt.offical.entity.Message$MessageBuilder,dev.langchain4j.model.localai.LocalAiChatModel$LocalAiChatModelBuilder,1.0
chatgpt-1.0.2.jar,langchain4j-local-ai-0.24.0.jar,3-gram,JaccardIndex,RoundRobin,com.lilittlecat.chatgpt.offical.entity.ChatCompletionResponseBody$ChatCompletionResponseBodyBuilder,dev.langchain4j.model.localai.LocalAiStreamingLanguageModel$LocalAiStreamingLanguageModelBuilder,1.0
chatgpt-1.0.2.jar,langchain4j-local-ai-0.24.0.jar,3-gram,JaccardIndex,RoundRobin,com.lilittlecat.chatgpt.offical.entity.ChatCompletionResponseBody$ChatCompletionResponseBodyBuilder,dev.langchain4j.model.localai.LocalAiStreamingChatModel$LocalAiStreamingChatModelBuilder,1.0
chatgpt-1.0.2.jar,langchain4j-local-ai-0.24.0.jar,3-gram,JaccardIndex,RoundRobin,com.lilittlecat.chatgpt.offical.entity.ChatCompletionResponseBody$ChatCompletionResponseBodyBuilder,dev.langchain4j.model.localai.LocalAiLanguageModel$LocalAiLanguageModelBuilder,1.0
chatgpt-1.0.2.jar,langchain4j-local-ai-0.24.0.jar,3-gram,JaccardIndex,RoundRobin,com.lilittlecat.chatgpt.offical.entity.ChatCompletionResponseBody$ChatCompletionResponseBodyBuilder,dev.langchain4j.model.localai.LocalAiEmbeddingModel$LocalAiEmbeddingModelBuilder,1.0
chatgpt-1.0.2.jar,langchain4j-local-ai-0.24.0.jar,3-gram,JaccardIndex,RoundRobin,com.lilittlecat.chatgpt.offical.entity.ChatCompletionResponseBody$ChatCompletionResponseBodyBuilder,dev.langchain4j.model.localai.LocalAiChatModel$LocalAiChatModelBuilder,1.0
chatgpt-1.0.2.jar,langchain4j-local-ai-0.24.0.jar,3-gram,JaccardIndex,RoundRobin,com.lilittlecat.chatgpt.offical.entity.ChatCompletionRequestBody$ChatCompletionRequestBodyBuilder,dev.langchain4j.model.localai.LocalAiStreamingLanguageModel$LocalAiStreamingLanguageModelBuilder,1.0
chatgpt-1.0.2.jar,langchain4j-local-ai-0.24.0.jar,3-gram,JaccardIndex,RoundRobin,com.lilittlecat.chatgpt.offical.entity.ChatCompletionRequestBody$ChatCompletionRequestBodyBuilder,dev.langchain4j.model.localai.LocalAiStreamingChatModel$LocalAiStreamingChatModelBuilder,1.0
chatgpt-1.0.2.jar,langchain4j-local-ai-0.24.0.jar,3-gram,JaccardIndex,RoundRobin,com.lilittlecat.chatgpt.offical.entity.ChatCompletionRequestBody$ChatCompletionRequestBodyBuilder,dev.langchain4j.model.localai.LocalAiLanguageModel$LocalAiLanguageModelBuilder,1.0
chatgpt-1.0.2.jar,langchain4j-local-ai-0.24.0.jar,3-gram,JaccardIndex,RoundRobin,com.lilittlecat.chatgpt.offical.entity.ChatCompletionRequestBody$ChatCompletionRequestBodyBuilder,dev.langchain4j.model.localai.LocalAiEmbeddingModel$LocalAiEmbeddingModelBuilder,1.0
chatgpt-1.0.2.jar,langchain4j-local-ai-0.24.0.jar,3-gram,JaccardIndex,RoundRobin,com.lilittlecat.chatgpt.offical.entity.ChatCompletionRequestBody$ChatCompletionRequestBodyBuilder,dev.langchain4j.model.localai.LocalAiChatModel$LocalAiChatModelBuilder,1.0
chatgpt-1.0.2.jar,langchain4j-milvus-0.24.0.jar,3-gram,JaccardIndex,RoundRobin,com.lilittlecat.chatgpt.offical.ChatGPT$ChatGPTBuilder,dev.langchain4j.store.embedding.milvus.MilvusEmbeddingStore$Builder,0.5
chatgpt-1.0.2.jar,langchain4j-milvus-0.24.0.jar,3-gram,JaccardIndex,RoundRobin,com.lilittlecat.chatgpt.offical.entity.Message$MessageBuilder,dev.langchain4j.store.embedding.milvus.MilvusEmbeddingStore$Builder,0.5
chatgpt-1.0.2.jar,langchain4j-milvus-0.24.0.jar,3-gram,JaccardIndex,RoundRobin,com.lilittlecat.chatgpt.offical.entity.Constant,dev.langchain4j.store.embedding.milvus.RequestToMilvusFailedException,0.25
chatgpt-1.0.2.jar,langchain4j-milvus-0.24.0.jar,3-gram,JaccardIndex,RoundRobin,com.lilittlecat.chatgpt.offical.entity.ChatCompletionResponseBody$ChatCompletionResponseBodyBuilder,dev.langchain4j.store.embedding.milvus.MilvusEmbeddingStore$Builder,0.5
chatgpt-1.0.2.jar,langchain4j-milvus-0.24.0.jar,3-gram,JaccardIndex,RoundRobin,com.lilittlecat.chatgpt.offical.entity.ChatCompletionRequestBody$ChatCompletionRequestBodyBuilder,dev.langchain4j.store.embedding.milvus.MilvusEmbeddingStore$Builder,0.5
chatgpt-1.0.2.jar,langchain4j-ollama-0.24.0.jar,3-gram,JaccardIndex,RoundRobin,com.lilittlecat.chatgpt.offical.ChatGPT$ChatGPTBuilder,dev.langchain4j.model.ollama.Options$OptionsBuilder,0.9
chatgpt-1.0.2.jar,langchain4j-ollama-0.24.0.jar,3-gram,JaccardIndex,RoundRobin,com.lilittlecat.chatgpt.offical.ChatGPT$ChatGPTBuilder,dev.langchain4j.model.ollama.OllamaStreamingLanguageModel$OllamaStreamingLanguageModelBuilder,1.0
chatgpt-1.0.2.jar,langchain4j-ollama-0.24.0.jar,3-gram,JaccardIndex,RoundRobin,com.lilittlecat.chatgpt.offical.ChatGPT$ChatGPTBuilder,dev.langchain4j.model.ollama.OllamaLanguageModel$OllamaLanguageModelBuilder,1.0
chatgpt-1.0.2.jar,langchain4j-ollama-0.24.0.jar,3-gram,JaccardIndex,RoundRobin,com.lilittlecat.chatgpt.offical.ChatGPT$ChatGPTBuilder,dev.langchain4j.model.ollama.OllamaEmbeddingModel$OllamaEmbeddingModelBuilder,1.0
chatgpt-1.0.2.jar,langchain4j-ollama-0.24.0.jar,3-gram,JaccardIndex,RoundRobin,com.lilittlecat.chatgpt.offical.ChatGPT$ChatGPTBuilder,dev.langchain4j.model.ollama.OllamaClient$OllamaClientBuilder,1.0
chatgpt-1.0.2.jar,langchain4j-ollama-0.24.0.jar,3-gram,JaccardIndex,RoundRobin,com.lilittlecat.chatgpt.offical.ChatGPT$ChatGPTBuilder,dev.langchain4j.model.ollama.EmbeddingResponse$EmbeddingResponseBuilder,0.6956521739130435
chatgpt-1.0.2.jar,langchain4j-ollama-0.24.0.jar,3-gram,JaccardIndex,RoundRobin,com.lilittlecat.chatgpt.offical.ChatGPT$ChatGPTBuilder,dev.langchain4j.model.ollama.EmbeddingRequest$EmbeddingRequestBuilder,1.0
chatgpt-1.0.2.jar,langchain4j-ollama-0.24.0.jar,3-gram,JaccardIndex,RoundRobin,com.lilittlecat.chatgpt.offical.ChatGPT$ChatGPTBuilder,dev.langchain4j.model.ollama.CompletionResponse$CompletionResponseBuilder,1.0
chatgpt-1.0.2.jar,langchain4j-ollama-0.24.0.jar,3-gram,JaccardIndex,RoundRobin,com.lilittlecat.chatgpt.offical.ChatGPT$ChatGPTBuilder,dev.langchain4j.model.ollama.CompletionRequest$CompletionRequestBuilder,1.0
chatgpt-1.0.2.jar,langchain4j-ollama-0.24.0.jar,3-gram,JaccardIndex,RoundRobin,com.lilittlecat.chatgpt.offical.entity.Message,dev.langchain4j.model.ollama.Options,0.9545454545454546
chatgpt-1.0.2.jar,langchain4j-ollama-0.24.0.jar,3-gram,JaccardIndex,RoundRobin,com.lilittlecat.chatgpt.offical.entity.Message,dev.langchain4j.model.ollama.EmbeddingResponse,0.5324675324675324
chatgpt-1.0.2.jar,langchain4j-ollama-0.24.0.jar,3-gram,JaccardIndex,RoundRobin,com.lilittlecat.chatgpt.offical.entity.Message,dev.langchain4j.model.ollama.EmbeddingRequest,1.0
chatgpt-1.0.2.jar,langchain4j-ollama-0.24.0.jar,3-gram,JaccardIndex,RoundRobin,com.lilittlecat.chatgpt.offical.entity.Message,dev.langchain4j.model.ollama.CompletionResponse,1.0
chatgpt-1.0.2.jar,langchain4j-ollama-0.24.0.jar,3-gram,JaccardIndex,RoundRobin,com.lilittlecat.chatgpt.offical.entity.Message,dev.langchain4j.model.ollama.CompletionRequest,1.0
chatgpt-1.0.2.jar,langchain4j-ollama-0.24.0.jar,3-gram,JaccardIndex,RoundRobin,com.lilittlecat.chatgpt.offical.entity.Message$MessageBuilder,dev.langchain4j.model.ollama.Options$OptionsBuilder,0.9
chatgpt-1.0.2.jar,langchain4j-ollama-0.24.0.jar,3-gram,JaccardIndex,RoundRobin,com.lilittlecat.chatgpt.offical.entity.Message$MessageBuilder,dev.langchain4j.model.ollama.OllamaStreamingLanguageModel$OllamaStreamingLanguageModelBuilder,1.0
chatgpt-1.0.2.jar,langchain4j-ollama-0.24.0.jar,3-gram,JaccardIndex,RoundRobin,com.lilittlecat.chatgpt.offical.entity.Message$MessageBuilder,dev.langchain4j.model.ollama.OllamaLanguageModel$OllamaLanguageModelBuilder,1.0
chatgpt-1.0.2.jar,langchain4j-ollama-0.24.0.jar,3-gram,JaccardIndex,RoundRobin,com.lilittlecat.chatgpt.offical.entity.Message$MessageBuilder,dev.langchain4j.model.ollama.OllamaEmbeddingModel$OllamaEmbeddingModelBuilder,1.0
chatgpt-1.0.2.jar,langchain4j-ollama-0.24.0.jar,3-gram,JaccardIndex,RoundRobin,com.lilittlecat.chatgpt.offical.entity.Message$MessageBuilder,dev.langchain4j.model.ollama.OllamaClient$OllamaClientBuilder,1.0
chatgpt-1.0.2.jar,langchain4j-ollama-0.24.0.jar,3-gram,JaccardIndex,RoundRobin,com.lilittlecat.chatgpt.offical.entity.Message$MessageBuilder,dev.langchain4j.model.ollama.EmbeddingResponse$EmbeddingResponseBuilder,0.6956521739130435
chatgpt-1.0.2.jar,langchain4j-ollama-0.24.0.jar,3-gram,JaccardIndex,RoundRobin,com.lilittlecat.chatgpt.offical.entity.Message$MessageBuilder,dev.langchain4j.model.ollama.EmbeddingRequest$EmbeddingRequestBuilder,1.0
chatgpt-1.0.2.jar,langchain4j-ollama-0.24.0.jar,3-gram,JaccardIndex,RoundRobin,com.lilittlecat.chatgpt.offical.entity.Message$MessageBuilder,dev.langchain4j.model.ollama.CompletionResponse$CompletionResponseBuilder,1.0
chatgpt-1.0.2.jar,langchain4j-ollama-0.24.0.jar,3-gram,JaccardIndex,RoundRobin,com.lilittlecat.chatgpt.offical.entity.Message$MessageBuilder,dev.langchain4j.model.ollama.CompletionRequest$CompletionRequestBuilder,1.0
chatgpt-1.0.2.jar,langchain4j-ollama-0.24.0.jar,3-gram,JaccardIndex,RoundRobin,com.lilittlecat.chatgpt.offical.entity.ChatCompletionResponseBody,dev.langchain4j.model.ollama.Options,0.9545454545454546
chatgpt-1.0.2.jar,langchain4j-ollama-0.24.0.jar,3-gram,JaccardIndex,RoundRobin,com.lilittlecat.chatgpt.offical.entity.ChatCompletionResponseBody,dev.langchain4j.model.ollama.EmbeddingResponse,0.5324675324675324
chatgpt-1.0.2.jar,langchain4j-ollama-0.24.0.jar,3-gram,JaccardIndex,RoundRobin,com.lilittlecat.chatgpt.offical.entity.ChatCompletionResponseBody,dev.langchain4j.model.ollama.EmbeddingRequest,1.0
chatgpt-1.0.2.jar,langchain4j-ollama-0.24.0.jar,3-gram,JaccardIndex,RoundRobin,com.lilittlecat.chatgpt.offical.entity.ChatCompletionResponseBody,dev.langchain4j.model.ollama.CompletionResponse,1.0
chatgpt-1.0.2.jar,langchain4j-ollama-0.24.0.jar,3-gram,JaccardIndex,RoundRobin,com.lilittlecat.chatgpt.offical.entity.ChatCompletionResponseBody,dev.langchain4j.model.ollama.CompletionRequest,1.0
chatgpt-1.0.2.jar,langchain4j-ollama-0.24.0.jar,3-gram,JaccardIndex,RoundRobin,com.lilittlecat.chatgpt.offical.entity.ChatCompletionResponseBody$Usage,dev.langchain4j.model.ollama.Options,0.9375
chatgpt-1.0.2.jar,langchain4j-ollama-0.24.0.jar,3-gram,JaccardIndex,RoundRobin,com.lilittlecat.chatgpt.offical.entity.ChatCompletionResponseBody$Usage,dev.langchain4j.model.ollama.EmbeddingResponse,0.5066666666666667
chatgpt-1.0.2.jar,langchain4j-ollama-0.24.0.jar,3-gram,JaccardIndex,RoundRobin,com.lilittlecat.chatgpt.offical.entity.ChatCompletionResponseBody$Usage,dev.langchain4j.model.ollama.EmbeddingRequest,0.9242424242424242
chatgpt-1.0.2.jar,langchain4j-ollama-0.24.0.jar,3-gram,JaccardIndex,RoundRobin,com.lilittlecat.chatgpt.offical.entity.ChatCompletionResponseBody$Usage,dev.langchain4j.model.ollama.CompletionResponse,0.9242424242424242
chatgpt-1.0.2.jar,langchain4j-ollama-0.24.0.jar,3-gram,JaccardIndex,RoundRobin,com.lilittlecat.chatgpt.offical.entity.ChatCompletionResponseBody$Usage,dev.langchain4j.model.ollama.CompletionRequest,0.9242424242424242
chatgpt-1.0.2.jar,langchain4j-ollama-0.24.0.jar,3-gram,JaccardIndex,RoundRobin,com.lilittlecat.chatgpt.offical.entity.ChatCompletionResponseBody$Choice,dev.langchain4j.model.ollama.Options,0.9375
chatgpt-1.0.2.jar,langchain4j-ollama-0.24.0.jar,3-gram,JaccardIndex,RoundRobin,com.lilittlecat.chatgpt.offical.entity.ChatCompletionResponseBody$Choice,dev.langchain4j.model.ollama.EmbeddingResponse,0.5066666666666667
chatgpt-1.0.2.jar,langchain4j-ollama-0.24.0.jar,3-gram,JaccardIndex,RoundRobin,com.lilittlecat.chatgpt.offical.entity.ChatCompletionResponseBody$Choice,dev.langchain4j.model.ollama.EmbeddingRequest,0.9242424242424242
chatgpt-1.0.2.jar,langchain4j-ollama-0.24.0.jar,3-gram,JaccardIndex,RoundRobin,com.lilittlecat.chatgpt.offical.entity.ChatCompletionResponseBody$Choice,dev.langchain4j.model.ollama.CompletionResponse,0.9242424242424242
chatgpt-1.0.2.jar,langchain4j-ollama-0.24.0.jar,3-gram,JaccardIndex,RoundRobin,com.lilittlecat.chatgpt.offical.entity.ChatCompletionResponseBody$Choice,dev.langchain4j.model.ollama.CompletionRequest,0.9242424242424242
chatgpt-1.0.2.jar,langchain4j-ollama-0.24.0.jar,3-gram,JaccardIndex,RoundRobin,com.lilittlecat.chatgpt.offical.entity.ChatCompletionResponseBody$ChatCompletionResponseBodyBuilder,dev.langchain4j.model.ollama.Options$OptionsBuilder,0.9
chatgpt-1.0.2.jar,langchain4j-ollama-0.24.0.jar,3-gram,JaccardIndex,RoundRobin,com.lilittlecat.chatgpt.offical.entity.ChatCompletionResponseBody$ChatCompletionResponseBodyBuilder,dev.langchain4j.model.ollama.OllamaStreamingLanguageModel$OllamaStreamingLanguageModelBuilder,1.0
chatgpt-1.0.2.jar,langchain4j-ollama-0.24.0.jar,3-gram,JaccardIndex,RoundRobin,com.lilittlecat.chatgpt.offical.entity.ChatCompletionResponseBody$ChatCompletionResponseBodyBuilder,dev.langchain4j.model.ollama.OllamaLanguageModel$OllamaLanguageModelBuilder,1.0
chatgpt-1.0.2.jar,langchain4j-ollama-0.24.0.jar,3-gram,JaccardIndex,RoundRobin,com.lilittlecat.chatgpt.offical.entity.ChatCompletionResponseBody$ChatCompletionResponseBodyBuilder,dev.langchain4j.model.ollama.OllamaEmbeddingModel$OllamaEmbeddingModelBuilder,1.0
chatgpt-1.0.2.jar,langchain4j-ollama-0.24.0.jar,3-gram,JaccardIndex,RoundRobin,com.lilittlecat.chatgpt.offical.entity.ChatCompletionResponseBody$ChatCompletionResponseBodyBuilder,dev.langchain4j.model.ollama.OllamaClient$OllamaClientBuilder,1.0
chatgpt-1.0.2.jar,langchain4j-ollama-0.24.0.jar,3-gram,JaccardIndex,RoundRobin,com.lilittlecat.chatgpt.offical.entity.ChatCompletionResponseBody$ChatCompletionResponseBodyBuilder,dev.langchain4j.model.ollama.EmbeddingResponse$EmbeddingResponseBuilder,0.6956521739130435
chatgpt-1.0.2.jar,langchain4j-ollama-0.24.0.jar,3-gram,JaccardIndex,RoundRobin,com.lilittlecat.chatgpt.offical.entity.ChatCompletionResponseBody$ChatCompletionResponseBodyBuilder,dev.langchain4j.model.ollama.EmbeddingRequest$EmbeddingRequestBuilder,1.0
chatgpt-1.0.2.jar,langchain4j-ollama-0.24.0.jar,3-gram,JaccardIndex,RoundRobin,com.lilittlecat.chatgpt.offical.entity.ChatCompletionResponseBody$ChatCompletionResponseBodyBuilder,dev.langchain4j.model.ollama.CompletionResponse$CompletionResponseBuilder,1.0
chatgpt-1.0.2.jar,langchain4j-ollama-0.24.0.jar,3-gram,JaccardIndex,RoundRobin,com.lilittlecat.chatgpt.offical.entity.ChatCompletionResponseBody$ChatCompletionResponseBodyBuilder,dev.langchain4j.model.ollama.CompletionRequest$CompletionRequestBuilder,1.0
chatgpt-1.0.2.jar,langchain4j-ollama-0.24.0.jar,3-gram,JaccardIndex,RoundRobin,com.lilittlecat.chatgpt.offical.entity.ChatCompletionRequestBody,dev.langchain4j.model.ollama.Options,0.9393939393939394
chatgpt-1.0.2.jar,langchain4j-ollama-0.24.0.jar,3-gram,JaccardIndex,RoundRobin,com.lilittlecat.chatgpt.offical.entity.ChatCompletionRequestBody,dev.langchain4j.model.ollama.EmbeddingResponse,0.5194805194805194
chatgpt-1.0.2.jar,langchain4j-ollama-0.24.0.jar,3-gram,JaccardIndex,RoundRobin,com.lilittlecat.chatgpt.offical.entity.ChatCompletionRequestBody,dev.langchain4j.model.ollama.EmbeddingRequest,0.9848484848484849
chatgpt-1.0.2.jar,langchain4j-ollama-0.24.0.jar,3-gram,JaccardIndex,RoundRobin,com.lilittlecat.chatgpt.offical.entity.ChatCompletionRequestBody,dev.langchain4j.model.ollama.CompletionResponse,0.9848484848484849
chatgpt-1.0.2.jar,langchain4j-ollama-0.24.0.jar,3-gram,JaccardIndex,RoundRobin,com.lilittlecat.chatgpt.offical.entity.ChatCompletionRequestBody,dev.langchain4j.model.ollama.CompletionRequest,0.9848484848484849
chatgpt-1.0.2.jar,langchain4j-ollama-0.24.0.jar,3-gram,JaccardIndex,RoundRobin,com.lilittlecat.chatgpt.offical.entity.ChatCompletionRequestBody$ChatCompletionRequestBodyBuilder,dev.langchain4j.model.ollama.Options$OptionsBuilder,0.9
chatgpt-1.0.2.jar,langchain4j-ollama-0.24.0.jar,3-gram,JaccardIndex,RoundRobin,com.lilittlecat.chatgpt.offical.entity.ChatCompletionRequestBody$ChatCompletionRequestBodyBuilder,dev.langchain4j.model.ollama.OllamaStreamingLanguageModel$OllamaStreamingLanguageModelBuilder,1.0
chatgpt-1.0.2.jar,langchain4j-ollama-0.24.0.jar,3-gram,JaccardIndex,RoundRobin,com.lilittlecat.chatgpt.offical.entity.ChatCompletionRequestBody$ChatCompletionRequestBodyBuilder,dev.langchain4j.model.ollama.OllamaLanguageModel$OllamaLanguageModelBuilder,1.0
chatgpt-1.0.2.jar,langchain4j-ollama-0.24.0.jar,3-gram,JaccardIndex,RoundRobin,com.lilittlecat.chatgpt.offical.entity.ChatCompletionRequestBody$ChatCompletionRequestBodyBuilder,dev.langchain4j.model.ollama.OllamaEmbeddingModel$OllamaEmbeddingModelBuilder,1.0
chatgpt-1.0.2.jar,langchain4j-ollama-0.24.0.jar,3-gram,JaccardIndex,RoundRobin,com.lilittlecat.chatgpt.offical.entity.ChatCompletionRequestBody$ChatCompletionRequestBodyBuilder,dev.langchain4j.model.ollama.OllamaClient$OllamaClientBuilder,1.0
chatgpt-1.0.2.jar,langchain4j-ollama-0.24.0.jar,3-gram,JaccardIndex,RoundRobin,com.lilittlecat.chatgpt.offical.entity.ChatCompletionRequestBody$ChatCompletionRequestBodyBuilder,dev.langchain4j.model.ollama.EmbeddingResponse$EmbeddingResponseBuilder,0.6956521739130435
chatgpt-1.0.2.jar,langchain4j-ollama-0.24.0.jar,3-gram,JaccardIndex,RoundRobin,com.lilittlecat.chatgpt.offical.entity.ChatCompletionRequestBody$ChatCompletionRequestBodyBuilder,dev.langchain4j.model.ollama.EmbeddingRequest$EmbeddingRequestBuilder,1.0
chatgpt-1.0.2.jar,langchain4j-ollama-0.24.0.jar,3-gram,JaccardIndex,RoundRobin,com.lilittlecat.chatgpt.offical.entity.ChatCompletionRequestBody$ChatCompletionRequestBodyBuilder,dev.langchain4j.model.ollama.CompletionResponse$CompletionResponseBuilder,1.0
chatgpt-1.0.2.jar,langchain4j-ollama-0.24.0.jar,3-gram,JaccardIndex,RoundRobin,com.lilittlecat.chatgpt.offical.entity.ChatCompletionRequestBody$ChatCompletionRequestBodyBuilder,dev.langchain4j.model.ollama.CompletionRequest$CompletionRequestBuilder,1.0
chatgpt-1.0.2.jar,langchain4j-open-ai-0.24.0.jar,3-gram,JaccardIndex,RoundRobin,com.lilittlecat.chatgpt.offical.ChatGPT$ChatGPTBuilder,dev.langchain4j.model.openai.OpenAiStreamingLanguageModel$OpenAiStreamingLanguageModelBuilder,1.0
chatgpt-1.0.2.jar,langchain4j-open-ai-0.24.0.jar,3-gram,JaccardIndex,RoundRobin,com.lilittlecat.chatgpt.offical.ChatGPT$ChatGPTBuilder,dev.langchain4j.model.openai.OpenAiStreamingChatModel$OpenAiStreamingChatModelBuilder,1.0
chatgpt-1.0.2.jar,langchain4j-open-ai-0.24.0.jar,3-gram,JaccardIndex,RoundRobin,com.lilittlecat.chatgpt.offical.ChatGPT$ChatGPTBuilder,dev.langchain4j.model.openai.OpenAiModerationModel$OpenAiModerationModelBuilder,1.0
chatgpt-1.0.2.jar,langchain4j-open-ai-0.24.0.jar,3-gram,JaccardIndex,RoundRobin,com.lilittlecat.chatgpt.offical.ChatGPT$ChatGPTBuilder,dev.langchain4j.model.openai.OpenAiLanguageModel$OpenAiLanguageModelBuilder,1.0
chatgpt-1.0.2.jar,langchain4j-open-ai-0.24.0.jar,3-gram,JaccardIndex,RoundRobin,com.lilittlecat.chatgpt.offical.ChatGPT$ChatGPTBuilder,dev.langchain4j.model.openai.OpenAiEmbeddingModel$OpenAiEmbeddingModelBuilder,1.0
chatgpt-1.0.2.jar,langchain4j-open-ai-0.24.0.jar,3-gram,JaccardIndex,RoundRobin,com.lilittlecat.chatgpt.offical.ChatGPT$ChatGPTBuilder,dev.langchain4j.model.openai.OpenAiChatModel$OpenAiChatModelBuilder,1.0
chatgpt-1.0.2.jar,langchain4j-open-ai-0.24.0.jar,3-gram,JaccardIndex,RoundRobin,com.lilittlecat.chatgpt.offical.entity.Message$MessageBuilder,dev.langchain4j.model.openai.OpenAiStreamingLanguageModel$OpenAiStreamingLanguageModelBuilder,1.0
chatgpt-1.0.2.jar,langchain4j-open-ai-0.24.0.jar,3-gram,JaccardIndex,RoundRobin,com.lilittlecat.chatgpt.offical.entity.Message$MessageBuilder,dev.langchain4j.model.openai.OpenAiStreamingChatModel$OpenAiStreamingChatModelBuilder,1.0
chatgpt-1.0.2.jar,langchain4j-open-ai-0.24.0.jar,3-gram,JaccardIndex,RoundRobin,com.lilittlecat.chatgpt.offical.entity.Message$MessageBuilder,dev.langchain4j.model.openai.OpenAiModerationModel$OpenAiModerationModelBuilder,1.0
chatgpt-1.0.2.jar,langchain4j-open-ai-0.24.0.jar,3-gram,JaccardIndex,RoundRobin,com.lilittlecat.chatgpt.offical.entity.Message$MessageBuilder,dev.langchain4j.model.openai.OpenAiLanguageModel$OpenAiLanguageModelBuilder,1.0
chatgpt-1.0.2.jar,langchain4j-open-ai-0.24.0.jar,3-gram,JaccardIndex,RoundRobin,com.lilittlecat.chatgpt.offical.entity.Message$MessageBuilder,dev.langchain4j.model.openai.OpenAiEmbeddingModel$OpenAiEmbeddingModelBuilder,1.0
chatgpt-1.0.2.jar,langchain4j-open-ai-0.24.0.jar,3-gram,JaccardIndex,RoundRobin,com.lilittlecat.chatgpt.offical.entity.Message$MessageBuilder,dev.langchain4j.model.openai.OpenAiChatModel$OpenAiChatModelBuilder,1.0
chatgpt-1.0.2.jar,langchain4j-open-ai-0.24.0.jar,3-gram,JaccardIndex,RoundRobin,com.lilittlecat.chatgpt.offical.entity.Constant,dev.langchain4j.model.openai.OpenAiModelName,0.5
chatgpt-1.0.2.jar,langchain4j-open-ai-0.24.0.jar,3-gram,JaccardIndex,RoundRobin,com.lilittlecat.chatgpt.offical.entity.ChatCompletionResponseBody$ChatCompletionResponseBodyBuilder,dev.langchain4j.model.openai.OpenAiStreamingLanguageModel$OpenAiStreamingLanguageModelBuilder,1.0
chatgpt-1.0.2.jar,langchain4j-open-ai-0.24.0.jar,3-gram,JaccardIndex,RoundRobin,com.lilittlecat.chatgpt.offical.entity.ChatCompletionResponseBody$ChatCompletionResponseBodyBuilder,dev.langchain4j.model.openai.OpenAiStreamingChatModel$OpenAiStreamingChatModelBuilder,1.0
chatgpt-1.0.2.jar,langchain4j-open-ai-0.24.0.jar,3-gram,JaccardIndex,RoundRobin,com.lilittlecat.chatgpt.offical.entity.ChatCompletionResponseBody$ChatCompletionResponseBodyBuilder,dev.langchain4j.model.openai.OpenAiModerationModel$OpenAiModerationModelBuilder,1.0
chatgpt-1.0.2.jar,langchain4j-open-ai-0.24.0.jar,3-gram,JaccardIndex,RoundRobin,com.lilittlecat.chatgpt.offical.entity.ChatCompletionResponseBody$ChatCompletionResponseBodyBuilder,dev.langchain4j.model.openai.OpenAiLanguageModel$OpenAiLanguageModelBuilder,1.0
chatgpt-1.0.2.jar,langchain4j-open-ai-0.24.0.jar,3-gram,JaccardIndex,RoundRobin,com.lilittlecat.chatgpt.offical.entity.ChatCompletionResponseBody$ChatCompletionResponseBodyBuilder,dev.langchain4j.model.openai.OpenAiEmbeddingModel$OpenAiEmbeddingModelBuilder,1.0
chatgpt-1.0.2.jar,langchain4j-open-ai-0.24.0.jar,3-gram,JaccardIndex,RoundRobin,com.lilittlecat.chatgpt.offical.entity.ChatCompletionResponseBody$ChatCompletionResponseBodyBuilder,dev.langchain4j.model.openai.OpenAiChatModel$OpenAiChatModelBuilder,1.0
chatgpt-1.0.2.jar,langchain4j-open-ai-0.24.0.jar,3-gram,JaccardIndex,RoundRobin,com.lilittlecat.chatgpt.offical.entity.ChatCompletionRequestBody$ChatCompletionRequestBodyBuilder,dev.langchain4j.model.openai.OpenAiStreamingLanguageModel$OpenAiStreamingLanguageModelBuilder,1.0
chatgpt-1.0.2.jar,langchain4j-open-ai-0.24.0.jar,3-gram,JaccardIndex,RoundRobin,com.lilittlecat.chatgpt.offical.entity.ChatCompletionRequestBody$ChatCompletionRequestBodyBuilder,dev.langchain4j.model.openai.OpenAiStreamingChatModel$OpenAiStreamingChatModelBuilder,1.0
chatgpt-1.0.2.jar,langchain4j-open-ai-0.24.0.jar,3-gram,JaccardIndex,RoundRobin,com.lilittlecat.chatgpt.offical.entity.ChatCompletionRequestBody$ChatCompletionRequestBodyBuilder,dev.langchain4j.model.openai.OpenAiModerationModel$OpenAiModerationModelBuilder,1.0
chatgpt-1.0.2.jar,langchain4j-open-ai-0.24.0.jar,3-gram,JaccardIndex,RoundRobin,com.lilittlecat.chatgpt.offical.entity.ChatCompletionRequestBody$ChatCompletionRequestBodyBuilder,dev.langchain4j.model.openai.OpenAiLanguageModel$OpenAiLanguageModelBuilder,1.0
chatgpt-1.0.2.jar,langchain4j-open-ai-0.24.0.jar,3-gram,JaccardIndex,RoundRobin,com.lilittlecat.chatgpt.offical.entity.ChatCompletionRequestBody$ChatCompletionRequestBodyBuilder,dev.langchain4j.model.openai.OpenAiEmbeddingModel$OpenAiEmbeddingModelBuilder,1.0
chatgpt-1.0.2.jar,langchain4j-open-ai-0.24.0.jar,3-gram,JaccardIndex,RoundRobin,com.lilittlecat.chatgpt.offical.entity.ChatCompletionRequestBody$ChatCompletionRequestBodyBuilder,dev.langchain4j.model.openai.OpenAiChatModel$OpenAiChatModelBuilder,1.0
chatgpt-1.0.2.jar,langchain4j-opensearch-0.24.0.jar,3-gram,JaccardIndex,RoundRobin,com.lilittlecat.chatgpt.offical.entity.Constant,dev.langchain4j.store.embedding.opensearch.OpenSearchRequestFailedException,0.25
chatgpt-1.0.2.jar,langchain4j-pgvector-0.24.0.jar,3-gram,JaccardIndex,RoundRobin,com.lilittlecat.chatgpt.offical.ChatGPT$ChatGPTBuilder,dev.langchain4j.store.embedding.pgvector.PgVectorEmbeddingStore$PgVectorEmbeddingStoreBuilder,1.0
chatgpt-1.0.2.jar,langchain4j-pgvector-0.24.0.jar,3-gram,JaccardIndex,RoundRobin,com.lilittlecat.chatgpt.offical.entity.Message$MessageBuilder,dev.langchain4j.store.embedding.pgvector.PgVectorEmbeddingStore$PgVectorEmbeddingStoreBuilder,1.0
chatgpt-1.0.2.jar,langchain4j-pgvector-0.24.0.jar,3-gram,JaccardIndex,RoundRobin,com.lilittlecat.chatgpt.offical.entity.ChatCompletionResponseBody$ChatCompletionResponseBodyBuilder,dev.langchain4j.store.embedding.pgvector.PgVectorEmbeddingStore$PgVectorEmbeddingStoreBuilder,1.0
chatgpt-1.0.2.jar,langchain4j-pgvector-0.24.0.jar,3-gram,JaccardIndex,RoundRobin,com.lilittlecat.chatgpt.offical.entity.ChatCompletionRequestBody$ChatCompletionRequestBodyBuilder,dev.langchain4j.store.embedding.pgvector.PgVectorEmbeddingStore$PgVectorEmbeddingStoreBuilder,1.0
chatgpt-1.0.2.jar,langchain4j-pinecone-0.24.0.jar,3-gram,JaccardIndex,RoundRobin,com.lilittlecat.chatgpt.offical.ChatGPT$ChatGPTBuilder,dev.langchain4j.store.embedding.pinecone.PineconeEmbeddingStore$Builder,0.5
chatgpt-1.0.2.jar,langchain4j-pinecone-0.24.0.jar,3-gram,JaccardIndex,RoundRobin,com.lilittlecat.chatgpt.offical.entity.Message$MessageBuilder,dev.langchain4j.store.embedding.pinecone.PineconeEmbeddingStore$Builder,0.5
chatgpt-1.0.2.jar,langchain4j-pinecone-0.24.0.jar,3-gram,JaccardIndex,RoundRobin,com.lilittlecat.chatgpt.offical.entity.ChatCompletionResponseBody$ChatCompletionResponseBodyBuilder,dev.langchain4j.store.embedding.pinecone.PineconeEmbeddingStore$Builder,0.5
chatgpt-1.0.2.jar,langchain4j-pinecone-0.24.0.jar,3-gram,JaccardIndex,RoundRobin,com.lilittlecat.chatgpt.offical.entity.ChatCompletionRequestBody$ChatCompletionRequestBodyBuilder,dev.langchain4j.store.embedding.pinecone.PineconeEmbeddingStore$Builder,0.5
chatgpt-1.0.2.jar,langchain4j-redis-0.24.0.jar,3-gram,JaccardIndex,RoundRobin,com.lilittlecat.chatgpt.offical.ChatGPT$ChatGPTBuilder,dev.langchain4j.store.embedding.redis.RedisSchema$RedisSchemaBuilder,0.41025641025641024
chatgpt-1.0.2.jar,langchain4j-redis-0.24.0.jar,3-gram,JaccardIndex,RoundRobin,com.lilittlecat.chatgpt.offical.ChatGPT$ChatGPTBuilder,dev.langchain4j.store.embedding.redis.RedisEmbeddingStore$Builder,0.4
chatgpt-1.0.2.jar,langchain4j-redis-0.24.0.jar,3-gram,JaccardIndex,RoundRobin,com.lilittlecat.chatgpt.offical.exception.Error,dev.langchain4j.store.embedding.redis.MetricType,0.35526315789473684
chatgpt-1.0.2.jar,langchain4j-redis-0.24.0.jar,3-gram,JaccardIndex,RoundRobin,com.lilittlecat.chatgpt.offical.entity.Model,dev.langchain4j.store.embedding.redis.MetricType,0.375
chatgpt-1.0.2.jar,langchain4j-redis-0.24.0.jar,3-gram,JaccardIndex,RoundRobin,com.lilittlecat.chatgpt.offical.entity.Message$MessageBuilder,dev.langchain4j.store.embedding.redis.RedisSchema$RedisSchemaBuilder,0.41025641025641024
chatgpt-1.0.2.jar,langchain4j-redis-0.24.0.jar,3-gram,JaccardIndex,RoundRobin,com.lilittlecat.chatgpt.offical.entity.Message$MessageBuilder,dev.langchain4j.store.embedding.redis.RedisEmbeddingStore$Builder,0.4
chatgpt-1.0.2.jar,langchain4j-redis-0.24.0.jar,3-gram,JaccardIndex,RoundRobin,com.lilittlecat.chatgpt.offical.entity.Constant,dev.langchain4j.store.embedding.redis.RedisRequestFailedException,0.25
chatgpt-1.0.2.jar,langchain4j-redis-0.24.0.jar,3-gram,JaccardIndex,RoundRobin,com.lilittlecat.chatgpt.offical.entity.ChatCompletionResponseBody$ChatCompletionResponseBodyBuilder,dev.langchain4j.store.embedding.redis.RedisSchema$RedisSchemaBuilder,0.41025641025641024
chatgpt-1.0.2.jar,langchain4j-redis-0.24.0.jar,3-gram,JaccardIndex,RoundRobin,com.lilittlecat.chatgpt.offical.entity.ChatCompletionResponseBody$ChatCompletionResponseBodyBuilder,dev.langchain4j.store.embedding.redis.RedisEmbeddingStore$Builder,0.4
chatgpt-1.0.2.jar,langchain4j-redis-0.24.0.jar,3-gram,JaccardIndex,RoundRobin,com.lilittlecat.chatgpt.offical.entity.ChatCompletionRequestBody$ChatCompletionRequestBodyBuilder,dev.langchain4j.store.embedding.redis.RedisSchema$RedisSchemaBuilder,0.41025641025641024
chatgpt-1.0.2.jar,langchain4j-redis-0.24.0.jar,3-gram,JaccardIndex,RoundRobin,com.lilittlecat.chatgpt.offical.entity.ChatCompletionRequestBody$ChatCompletionRequestBodyBuilder,dev.langchain4j.store.embedding.redis.RedisEmbeddingStore$Builder,0.4
chatgpt-1.0.2.jar,langchain4j-spring-boot-starter-0.24.0.jar,3-gram,JaccardIndex,RoundRobin,com.lilittlecat.chatgpt.offical.exception.Error,dev.langchain4j.ModelProvider,0.35526315789473684
chatgpt-1.0.2.jar,langchain4j-spring-boot-starter-0.24.0.jar,3-gram,JaccardIndex,RoundRobin,com.lilittlecat.chatgpt.offical.entity.Model,dev.langchain4j.ModelProvider,0.375
chatgpt-1.0.2.jar,langchain4j-vertex-ai-0.24.0.jar,3-gram,JaccardIndex,RoundRobin,com.lilittlecat.chatgpt.offical.ChatGPT$ChatGPTBuilder,dev.langchain4j.model.vertexai.VertexAiLanguageModel$Builder,0.36
chatgpt-1.0.2.jar,langchain4j-vertex-ai-0.24.0.jar,3-gram,JaccardIndex,RoundRobin,com.lilittlecat.chatgpt.offical.ChatGPT$ChatGPTBuilder,dev.langchain4j.model.vertexai.VertexAiEmbeddingModel$Builder,0.5
chatgpt-1.0.2.jar,langchain4j-vertex-ai-0.24.0.jar,3-gram,JaccardIndex,RoundRobin,com.lilittlecat.chatgpt.offical.ChatGPT$ChatGPTBuilder,dev.langchain4j.model.vertexai.VertexAiChatModel$Builder,0.36
chatgpt-1.0.2.jar,langchain4j-vertex-ai-0.24.0.jar,3-gram,JaccardIndex,RoundRobin,com.lilittlecat.chatgpt.offical.exception.BizException,dev.langchain4j.model.vertexai.VertexAiTextInstance,0.3076923076923077
chatgpt-1.0.2.jar,langchain4j-vertex-ai-0.24.0.jar,3-gram,JaccardIndex,RoundRobin,com.lilittlecat.chatgpt.offical.exception.BizException,dev.langchain4j.model.vertexai.VertexAiParameters,0.46153846153846156
chatgpt-1.0.2.jar,langchain4j-vertex-ai-0.24.0.jar,3-gram,JaccardIndex,RoundRobin,com.lilittlecat.chatgpt.offical.exception.BizException,dev.langchain4j.model.vertexai.VertexAiEmbeddingInstance,0.3076923076923077
chatgpt-1.0.2.jar,langchain4j-vertex-ai-0.24.0.jar,3-gram,JaccardIndex,RoundRobin,com.lilittlecat.chatgpt.offical.exception.BizException,dev.langchain4j.model.vertexai.VertexAiChatInstance,0.46153846153846156
chatgpt-1.0.2.jar,langchain4j-vertex-ai-0.24.0.jar,3-gram,JaccardIndex,RoundRobin,com.lilittlecat.chatgpt.offical.exception.BizException,dev.langchain4j.model.vertexai.VertexAiChatInstance$Message,0.46153846153846156
chatgpt-1.0.2.jar,langchain4j-vertex-ai-0.24.0.jar,3-gram,JaccardIndex,RoundRobin,com.lilittlecat.chatgpt.offical.entity.Message$MessageBuilder,dev.langchain4j.model.vertexai.VertexAiLanguageModel$Builder,0.36
chatgpt-1.0.2.jar,langchain4j-vertex-ai-0.24.0.jar,3-gram,JaccardIndex,RoundRobin,com.lilittlecat.chatgpt.offical.entity.Message$MessageBuilder,dev.langchain4j.model.vertexai.VertexAiEmbeddingModel$Builder,0.5
chatgpt-1.0.2.jar,langchain4j-vertex-ai-0.24.0.jar,3-gram,JaccardIndex,RoundRobin,com.lilittlecat.chatgpt.offical.entity.Message$MessageBuilder,dev.langchain4j.model.vertexai.VertexAiChatModel$Builder,0.36
chatgpt-1.0.2.jar,langchain4j-vertex-ai-0.24.0.jar,3-gram,JaccardIndex,RoundRobin,com.lilittlecat.chatgpt.offical.entity.ChatCompletionResponseBody$ChatCompletionResponseBodyBuilder,dev.langchain4j.model.vertexai.VertexAiLanguageModel$Builder,0.36
chatgpt-1.0.2.jar,langchain4j-vertex-ai-0.24.0.jar,3-gram,JaccardIndex,RoundRobin,com.lilittlecat.chatgpt.offical.entity.ChatCompletionResponseBody$ChatCompletionResponseBodyBuilder,dev.langchain4j.model.vertexai.VertexAiEmbeddingModel$Builder,0.5
chatgpt-1.0.2.jar,langchain4j-vertex-ai-0.24.0.jar,3-gram,JaccardIndex,RoundRobin,com.lilittlecat.chatgpt.offical.entity.ChatCompletionResponseBody$ChatCompletionResponseBodyBuilder,dev.langchain4j.model.vertexai.VertexAiChatModel$Builder,0.36
chatgpt-1.0.2.jar,langchain4j-vertex-ai-0.24.0.jar,3-gram,JaccardIndex,RoundRobin,com.lilittlecat.chatgpt.offical.entity.ChatCompletionRequestBody$ChatCompletionRequestBodyBuilder,dev.langchain4j.model.vertexai.VertexAiLanguageModel$Builder,0.36
chatgpt-1.0.2.jar,langchain4j-vertex-ai-0.24.0.jar,3-gram,JaccardIndex,RoundRobin,com.lilittlecat.chatgpt.offical.entity.ChatCompletionRequestBody$ChatCompletionRequestBodyBuilder,dev.langchain4j.model.vertexai.VertexAiEmbeddingModel$Builder,0.5
chatgpt-1.0.2.jar,langchain4j-vertex-ai-0.24.0.jar,3-gram,JaccardIndex,RoundRobin,com.lilittlecat.chatgpt.offical.entity.ChatCompletionRequestBody$ChatCompletionRequestBodyBuilder,dev.langchain4j.model.vertexai.VertexAiChatModel$Builder,0.36
chatgpt-1.0.2.jar,langchain4j-vespa-0.24.0.jar,3-gram,JaccardIndex,RoundRobin,com.lilittlecat.chatgpt.offical.ChatGPT$ChatGPTBuilder,dev.langchain4j.store.embedding.vespa.VespaEmbeddingStore$VespaEmbeddingStoreBuilder,1.0
chatgpt-1.0.2.jar,langchain4j-vespa-0.24.0.jar,3-gram,JaccardIndex,RoundRobin,com.lilittlecat.chatgpt.offical.exception.BizException,dev.langchain4j.store.embedding.vespa.Record$Fields,0.25
chatgpt-1.0.2.jar,langchain4j-vespa-0.24.0.jar,3-gram,JaccardIndex,RoundRobin,com.lilittlecat.chatgpt.offical.exception.BizException,dev.langchain4j.store.embedding.vespa.Record$Fields$Vector,0.2857142857142857
chatgpt-1.0.2.jar,langchain4j-vespa-0.24.0.jar,3-gram,JaccardIndex,RoundRobin,com.lilittlecat.chatgpt.offical.entity.Message$MessageBuilder,dev.langchain4j.store.embedding.vespa.VespaEmbeddingStore$VespaEmbeddingStoreBuilder,1.0
chatgpt-1.0.2.jar,langchain4j-vespa-0.24.0.jar,3-gram,JaccardIndex,RoundRobin,com.lilittlecat.chatgpt.offical.entity.ChatCompletionResponseBody$ChatCompletionResponseBodyBuilder,dev.langchain4j.store.embedding.vespa.VespaEmbeddingStore$VespaEmbeddingStoreBuilder,1.0
chatgpt-1.0.2.jar,langchain4j-vespa-0.24.0.jar,3-gram,JaccardIndex,RoundRobin,com.lilittlecat.chatgpt.offical.entity.ChatCompletionRequestBody$ChatCompletionRequestBodyBuilder,dev.langchain4j.store.embedding.vespa.VespaEmbeddingStore$VespaEmbeddingStoreBuilder,1.0
chatgpt-1.0.2.jar,langchain4j-weaviate-0.24.0.jar,3-gram,JaccardIndex,RoundRobin,com.lilittlecat.chatgpt.offical.ChatGPT$ChatGPTBuilder,dev.langchain4j.store.embedding.weaviate.WeaviateEmbeddingStore$WeaviateEmbeddingStoreBuilder,1.0
chatgpt-1.0.2.jar,langchain4j-weaviate-0.24.0.jar,3-gram,JaccardIndex,RoundRobin,com.lilittlecat.chatgpt.offical.entity.Message$MessageBuilder,dev.langchain4j.store.embedding.weaviate.WeaviateEmbeddingStore$WeaviateEmbeddingStoreBuilder,1.0
chatgpt-1.0.2.jar,langchain4j-weaviate-0.24.0.jar,3-gram,JaccardIndex,RoundRobin,com.lilittlecat.chatgpt.offical.entity.ChatCompletionResponseBody$ChatCompletionResponseBodyBuilder,dev.langchain4j.store.embedding.weaviate.WeaviateEmbeddingStore$WeaviateEmbeddingStoreBuilder,1.0
chatgpt-1.0.2.jar,langchain4j-weaviate-0.24.0.jar,3-gram,JaccardIndex,RoundRobin,com.lilittlecat.chatgpt.offical.entity.ChatCompletionRequestBody$ChatCompletionRequestBodyBuilder,dev.langchain4j.store.embedding.weaviate.WeaviateEmbeddingStore$WeaviateEmbeddingStoreBuilder,1.0
